"roleid","rolecode","rolename","issystem","isactive","description","createdat","parent_roleid","role_category","role_type","dept_id","approval_level","can_approve","can_review","can_execute","is_default","is_editable","dashboard_code","is_workflow_role","security_level","createdby","modifiedby","modifiedat"
22,"FOLD_OPERATOR","Folding Machine Operator",False,True,"Folding Machine Operator","2025-12-18 22:55:05.44105",NULL,"EXECUTION","EXECUTOR","1011",1,False,False,True,False,True,"DB_FINISH",True,1,NULL,"SYSTEM","2026-04-13 22:47:43.257265"
23,"LAM_OPERATOR","Lamination Operator",False,True,"Lamination Machine Operator","2025-12-18 22:55:05.44105",NULL,"EXECUTION","EXECUTOR","1011",1,False,False,True,False,True,"DB_FINISH",True,1,NULL,"SYSTEM","2026-04-13 22:47:43.257265"
24,"PACK_OPERATOR","Packing Operator",False,True,"Packing Operator","2025-12-18 22:55:05.44105",NULL,"EXECUTION","EXECUTOR","1012",1,False,False,True,False,True,"DB_PACK",True,1,NULL,"SYSTEM","2026-04-13 22:47:43.257265"
25,"ELECTRICIAN","Electrician",False,True,"Electrical Maintenance Technician","2025-12-18 22:55:05.44105",NULL,"EXECUTION","EXECUTOR","1017",1,False,False,True,False,True,"DB_DEFAULT",True,1,NULL,"SYSTEM","2026-04-13 22:47:43.257265"
26,"MECHANIC","Mechanic",False,True,"Mechanical Maintenance Technician","2025-12-18 22:55:05.44105",NULL,"EXECUTION","EXECUTOR","1017",1,False,False,True,False,True,"DB_DEFAULT",True,1,NULL,"SYSTEM","2026-04-13 22:47:43.257265"
27,"COMPUTER_OP","Computer Operator",False,True,"ERP/IT Operator","2025-12-18 22:55:05.44105",NULL,"SYSTEM","EXECUTOR","1005",1,False,False,True,False,True,"DB_ADMIN",True,1,NULL,"SYSTEM","2026-04-13 22:47:43.257265"
28,"DRIVER","Driver",False,True,"Logistics/Delivery Driver","2025-12-18 22:55:05.44105",NULL,"EXECUTION","EXECUTOR","1013",1,False,False,True,False,True,"DB_DISPATCH",True,1,NULL,"SYSTEM","2026-04-13 22:47:43.257265"
29,"MACHINE_HELPER","Machine Helper",False,True,"Assistant to Machine Operators","2025-12-18 22:55:05.44105",NULL,"EXECUTION","EXECUTOR",NULL,1,False,False,True,False,True,"DB_DEFAULT",True,1,NULL,"SYSTEM","2026-04-13 22:47:43.257265"
30,"BINDER","Binder",False,True,"Manual Binding Staff","2025-12-18 22:55:05.44105",NULL,"EXECUTION","EXECUTOR",NULL,1,False,False,True,False,True,"DB_DEFAULT",True,1,NULL,"SYSTEM","2026-04-13 22:47:43.257265"
31,"PEON","Peon",False,True,"Office Assistant / Runner","2025-12-18 22:55:05.44105",NULL,"EXECUTION","EXECUTOR",NULL,1,False,False,True,False,True,"DB_DEFAULT",True,1,NULL,"SYSTEM","2026-04-13 22:47:43.257265"
32,"CHOWKIDAR","Chowkidar / Security",False,True,"Security and Gatepass Department","2025-12-18 22:55:05.44105",NULL,"EXECUTION","EXECUTOR","1018",1,False,False,True,False,True,"DB_DEFAULT",True,1,NULL,"SYSTEM","2026-04-13 22:47:43.257265"
33,"CLIENT_USER","Client / Customer User",False,True,"External Client for Approvals & Orders","2025-12-18 22:55:05.44105",NULL,"EXTERNAL","APPROVER",NULL,2,True,False,True,False,True,"DB_CLIENT",True,1,NULL,"SYSTEM","2026-04-13 22:47:43.257265"
34,"ADMIN","System Administrator",True,True,"IT & ERP System Admin – Full Access","2025-12-18 22:55:05.44105",NULL,"SYSTEM","ADMIN","1005",1,False,False,True,False,True,"DB_ADMIN",True,1,NULL,"SYSTEM","2026-04-13 22:47:43.257265"
35,"SALES_EXEC","Sales Executive",False,True,"Field Sales / Order Entry","2025-12-18 22:55:05.44105",NULL,"EXECUTION","EXECUTOR","1006",1,False,False,True,False,True,"DB_DEFAULT",True,1,NULL,"SYSTEM","2026-04-13 22:47:43.257265"
36,"ENQUIRY_EXEC","Enquiry Executive",False,True,"Handling New Customer Enquiries","2025-12-18 22:55:05.44105",NULL,"EXECUTION","EXECUTOR","1007",1,False,False,True,False,True,"DB_DEFAULT",True,1,NULL,"SYSTEM","2026-04-13 22:47:43.257265"
37,"ACCOUNT_EXEC","Accounts Executive",False,True,"Accounts & Billing Staff","2025-12-18 22:55:05.44105",NULL,"EXECUTION","EXECUTOR","1004",1,False,False,True,False,True,"DB_FINANCE",True,1,NULL,"SYSTEM","2026-04-13 22:47:43.257265"
38,"HR_EXEC","HR Executive",False,True,"HR & Payroll Staff","2025-12-18 22:55:05.44105",NULL,"EXECUTION","EXECUTOR",NULL,1,False,False,True,False,True,"DB_DEFAULT",True,1,NULL,"SYSTEM","2026-04-13 22:47:43.257265"
39,"LOGISTICS_EXEC","Logistics Executive",False,True,"Transport / Dispatch Staff","2025-12-18 22:55:05.44105",NULL,"EXECUTION","EXECUTOR","1013",1,False,False,True,False,True,"DB_DISPATCH",True,1,NULL,"SYSTEM","2026-04-13 22:47:43.257265"
40,"WAREHOUSE_EXEC","Warehouse Staff",False,True,"Warehouse / Finished Goods Handling","2025-12-18 22:55:05.44105",NULL,"EXECUTION","EXECUTOR","1014",1,False,False,True,False,True,"DB_DEFAULT",True,1,NULL,"SYSTEM","2026-04-13 22:47:43.257265"
1,"MD","Managing Director",True,True,"Top Management – Overall Company Head","2025-12-18 22:55:05.44105",NULL,"MANAGEMENT","APPROVER","1001",5,True,True,True,False,True,"DB_MGT",True,1,NULL,"SYSTEM","2026-04-13 22:47:43.257265"
2,"GM","General Manager",True,True,"Overall Operations & Management","2025-12-18 22:55:05.44105",NULL,"MANAGEMENT","APPROVER","1001",4,True,True,True,False,True,"DB_MGT",True,1,NULL,"SYSTEM","2026-04-13 22:47:43.257265"
3,"PROD_MANAGER","Production Manager",False,True,"Head of Production Department","2025-12-18 22:55:05.44105",NULL,"MANAGEMENT","APPROVER","1010",3,True,False,True,False,True,"DB_MANAGER",True,1,NULL,"SYSTEM","2026-04-13 22:47:43.257265"
4,"SALES_MANAGER","Sales Manager",False,True,"Head of Sales & Marketing","2025-12-18 22:55:05.44105",NULL,"MANAGEMENT","APPROVER","1006",3,True,False,True,False,True,"DB_MANAGER",True,1,NULL,"SYSTEM","2026-04-13 22:47:43.257265"
5,"ACC_MANAGER","Accounts Manager",False,True,"Head of Accounts & Finance","2025-12-18 22:55:05.44105",NULL,"MANAGEMENT","APPROVER","1004",3,True,False,True,False,True,"DB_MANAGER",True,1,NULL,"SYSTEM","2026-04-13 22:47:43.257265"
6,"HR_MANAGER","HR Manager",False,True,"Head of Human Resource Department","2025-12-18 22:55:05.44105",NULL,"MANAGEMENT","APPROVER","1003",3,True,False,True,False,True,"DB_MANAGER",True,1,NULL,"SYSTEM","2026-04-13 22:47:43.257265"
7,"PREPRESS_SUP","Pre-Press Supervisor",False,True,"Supervisor for Prepress/Plate Making/DTP","2025-12-18 22:55:05.44105",NULL,"SUPERVISOR","REVIEWER","1009",2,False,True,True,False,True,"DB_SUPERVISOR",True,1,NULL,"SYSTEM","2026-04-13 22:47:43.257265"
8,"PRESS_SUP","Press Supervisor",False,True,"Supervisor for Printing Machines","2025-12-18 22:55:05.44105",NULL,"SUPERVISOR","REVIEWER","1010",2,False,True,True,False,True,"DB_SUPERVISOR",True,1,NULL,"SYSTEM","2026-04-13 22:47:43.257265"
9,"BIND_SUP","Binding Supervisor",False,True,"Supervisor for Binding Department","2025-12-18 22:55:05.44105",NULL,"SUPERVISOR","REVIEWER","1011",2,False,True,True,False,True,"DB_SUPERVISOR",True,1,NULL,"SYSTEM","2026-04-13 22:47:43.257265"
10,"FINISH_SUP","Finishing Supervisor",False,True,"Supervisor for Post-Press Finishing","2025-12-18 22:55:05.44105",NULL,"SUPERVISOR","REVIEWER","1011",2,False,True,True,False,True,"DB_SUPERVISOR",True,1,NULL,"SYSTEM","2026-04-13 22:47:43.257265"
11,"MAINT_SUP","Maintenance Supervisor",False,True,"Supervisor for Maintenance Department","2025-12-18 22:55:05.44105",NULL,"SUPERVISOR","REVIEWER","1017",2,False,True,True,False,True,"DB_SUPERVISOR",True,1,NULL,"SYSTEM","2026-04-13 22:47:43.257265"
12,"STORE_INCH","Store Incharge",False,True,"Central Store & Materials Management","2025-12-18 22:55:05.44105",NULL,"SUPERVISOR","REVIEWER","1014",2,False,True,True,False,True,"DB_DEFAULT",True,1,NULL,"SYSTEM","2026-04-13 22:47:43.257265"
13,"QC_SUP","Quality Control Supervisor",False,True,"Supervisor for Print Quality Checks","2025-12-18 22:55:05.44105",NULL,"SUPERVISOR","REVIEWER","1016",2,False,True,True,False,True,"DB_SUPERVISOR",True,1,NULL,"SYSTEM","2026-04-13 22:47:43.257265"
14,"GRAPHIC_DESIGNER","Graphic Designer",False,True,"Designer for Artwork & Creative","2025-12-18 22:55:05.44105",NULL,"EXECUTION","EXECUTOR","1009",1,False,False,True,False,True,"DB_PREPRESS",True,1,NULL,"SYSTEM","2026-04-13 22:47:43.257265"
15,"DTP_OPERATOR","DTP Operator",False,True,"Desktop Publishing Operator","2025-12-18 22:55:05.44105",NULL,"EXECUTION","EXECUTOR","1009",1,False,False,True,False,True,"DB_PREPRESS",True,1,NULL,"SYSTEM","2026-04-13 22:47:43.257265"
16,"PLATE_MAKER","Plate Maker",False,True,"CTP / Plate Making Operator","2025-12-18 22:55:05.44105",NULL,"EXECUTION","EXECUTOR","1009",1,False,False,True,False,True,"DB_PREPRESS",True,1,NULL,"SYSTEM","2026-04-13 22:47:43.257265"
17,"OFFSET_OPERATOR","Offset Machine Operator",False,True,"Sheet-fed Offset Operator","2025-12-18 22:55:05.44105",NULL,"EXECUTION","EXECUTOR","1010",1,False,False,True,False,True,"DB_PRINT",True,1,NULL,"SYSTEM","2026-04-13 22:47:43.257265"
18,"WEB_OPERATOR","Web Offset Operator",False,True,"Web Offset Printing Operator","2025-12-18 22:55:05.44105",NULL,"EXECUTION","EXECUTOR","1010",1,False,False,True,False,True,"DB_PRINT",True,1,NULL,"SYSTEM","2026-04-13 22:47:43.257265"
19,"DIGITAL_OPERATOR","Digital Printing Operator",False,True,"Digital Printing Operator","2025-12-18 22:55:05.44105",NULL,"EXECUTION","EXECUTOR","1010",1,False,False,True,False,True,"DB_PRINT",True,1,NULL,"SYSTEM","2026-04-13 22:47:43.257265"
20,"BIND_OPERATOR","Binding Operator",False,True,"Binding Operator","2025-12-18 22:55:05.44105",NULL,"EXECUTION","EXECUTOR","1011",1,False,False,True,False,True,"DB_FINISH",True,1,NULL,"SYSTEM","2026-04-13 22:47:43.257265"
21,"CUT_OPERATOR","Cutting Machine Operator",False,True,"Paper Cutting Machine Operator","2025-12-18 22:55:05.44105",NULL,"EXECUTION","EXECUTOR","1011",1,False,False,True,False,True,"DB_FINISH",True,1,NULL,"SYSTEM","2026-04-13 22:47:43.257265"
