"subprocessid","processid","subprocesscode","subprocessname","description","departmentid","sequenceno","approvaltypeid","approvallevel","isclientapproval","ismandatory","ismandatoryapproval","templatecode","templatename","notifyclientsms","notifyclientwhatsapp","notifyclientemail","notifyinternalsms","notifyinternalwhatsapp","notifyinternalemail","notifytopupalert","isactive","createdby","createdon","modifiedby","modifiedon"
101,1,"RECEIVE_ENQ","Receive Client Enquiry","Receive enquiry online/offline","1006",1,NULL,0,False,True,False,"T_ENQ","Enquiry",True,True,True,True,True,True,False,True,"SYSTEM","2025-12-16 23:38:39.79091",NULL,"2025-12-16 23:38:39.79091"
102,1,"IDENTIFY_CUSTOMER","Identify Customer Type","New/Old/Cash/Others","1006",2,NULL,0,False,True,False,"T_CUST","Customer Type",True,True,True,True,True,True,False,True,"SYSTEM","2025-12-16 23:38:39.79091",NULL,"2025-12-16 23:38:39.79091"
103,1,"CRM_PROCESS","CRM Process","CRM handling of client","1007",3,NULL,0,False,True,False,"T_CRM","CRM",True,True,True,True,True,True,False,True,"SYSTEM","2025-12-16 23:38:39.79091",NULL,"2025-12-16 23:38:39.79091"
104,1,"COLLECT_SAMPLE","Collect Sample / Reference","Collect client sample","1009",4,NULL,0,False,True,False,"T_SAMPLE","Sample",False,False,False,True,True,True,False,True,"SYSTEM","2025-12-16 23:38:39.79091",NULL,"2025-12-16 23:38:39.79091"
105,1,"COLLECT_CONTENT","Collect Content","Collect PDF/Physical copy","1009",5,NULL,0,False,True,False,"T_CONTENT","Content",False,False,False,True,True,True,False,True,"SYSTEM","2025-12-16 23:38:39.79091",NULL,"2025-12-16 23:38:39.79091"
106,1,"DEFINE_REQ","Define Requirement","Job type and details","1006",6,NULL,0,False,True,False,"T_REQ","Requirement",False,False,False,True,True,True,False,True,"SYSTEM","2025-12-16 23:38:39.79091",NULL,"2025-12-16 23:38:39.79091"
107,1,"JOB_ESTIMATION","Job Estimation","Prepare cost estimate","1008",7,3,1,False,True,True,"T_EST","Estimation",True,True,True,True,True,True,False,True,"SYSTEM","2025-12-16 23:38:39.79091",NULL,"2025-12-16 23:38:39.79091"
108,1,"SEND_QUOTE","Send Quotation","Send quotation to client","1008",8,2,1,True,True,True,"T_QUOTE","Quotation",True,True,True,True,True,True,True,True,"SYSTEM","2025-12-16 23:38:39.79091",NULL,"2025-12-16 23:38:39.79091"
109,1,"RATE_NEGOTIATION","Rate Negotiation","Negotiate pricing","1008",9,2,1,True,True,True,"T_NEG","Negotiation",True,True,True,True,True,True,False,True,"SYSTEM","2025-12-16 23:38:39.79091",NULL,"2025-12-16 23:38:39.79091"
110,1,"RATE_FINALIZE","Rate Finalize","Finalize rates","1008",10,3,1,False,True,True,"T_RATE","Rate Finalize",True,True,True,True,True,True,False,True,"SYSTEM","2025-12-16 23:38:39.79091",NULL,"2025-12-16 23:38:39.79091"
111,1,"ORDER_RECEIVED","Order Received","Confirm order reception","1006",11,2,1,True,True,True,"T_ORDER","Order",True,True,True,True,True,True,True,True,"SYSTEM","2025-12-16 23:38:39.79091",NULL,"2025-12-16 23:38:39.79091"
112,1,"GENERATE_JOB","Generate Job Order","Generate internal job card","1007",12,1,1,False,True,False,"T_JOB","Job Card",False,False,False,True,True,True,False,True,"SYSTEM","2025-12-16 23:38:39.79091",NULL,"2025-12-16 23:38:39.79091"
201,2,"COLLECT_ARTWORK","Collect Artwork or Content","Gather artwork/content from client","1009",1,NULL,0,False,True,False,"T_ART","Artwork",False,False,False,True,True,True,False,True,"SYSTEM","2025-12-16 23:38:39.79091",NULL,"2025-12-16 23:38:39.79091"
202,2,"VERIFY_CONTENT","Verify Content Quality","Check content accuracy","1009",2,NULL,0,False,True,False,"T_VERIFY","Verify",False,False,False,True,True,True,False,True,"SYSTEM","2025-12-16 23:38:39.79091",NULL,"2025-12-16 23:38:39.79091"
203,2,"TEXT_PROOF","Text Proofreading","Proofread text","1009",3,NULL,0,False,True,False,"T_PROOF","Proofread",False,False,False,True,True,True,False,True,"SYSTEM","2025-12-16 23:38:39.79091",NULL,"2025-12-16 23:38:39.79091"
204,2,"IMAGE_CORR","Image Correction","Correct images","1009",4,NULL,0,False,True,False,"T_IMG","Image",False,False,False,True,True,True,False,True,"SYSTEM","2025-12-16 23:38:39.79091",NULL,"2025-12-16 23:38:39.79091"
205,2,"SCAN_HARD","Scanning Hard Copy","Scan physical content","1009",5,NULL,0,False,True,False,"T_SCAN","Scan",False,False,False,True,True,True,False,True,"SYSTEM","2025-12-16 23:38:39.79091",NULL,"2025-12-16 23:38:39.79091"
206,2,"OCR_TEXT","OCR Text Extraction","Convert scanned text","1009",6,NULL,0,False,True,False,"T_OCR","OCR",False,False,False,True,True,True,False,True,"SYSTEM","2025-12-16 23:38:39.79091",NULL,"2025-12-16 23:38:39.79091"
207,2,"CONTENT_FLOW","Content Flow Planning","Plan flow of content","1009",7,NULL,0,False,True,False,"T_FLOW","Flow",False,False,False,True,True,True,False,True,"SYSTEM","2025-12-16 23:38:39.79091",NULL,"2025-12-16 23:38:39.79091"
301,3,"DESIGN_PAGES","Design Pages & Cover","Page and cover design","1009",1,NULL,0,False,True,False,"T_DESIGN","Design",False,False,False,True,True,True,False,True,"SYSTEM","2025-12-16 23:38:39.79091",NULL,"2025-12-16 23:38:39.79091"
302,3,"LAYOUT_CREATE","Layout Creation","Create layout","1009",2,NULL,0,False,True,False,"T_LAYOUT","Layout",False,False,False,True,True,True,False,True,"SYSTEM","2025-12-16 23:38:39.79091",NULL,"2025-12-16 23:38:39.79091"
303,3,"IMPOSITION","Imposition Planning","Plan book signatures","1009",3,NULL,0,False,True,False,"T_IMP","Imposition",False,False,False,True,True,True,False,True,"SYSTEM","2025-12-16 23:38:39.79091",NULL,"2025-12-16 23:38:39.79091"
304,3,"SET_MARGINS","Set Margins, Bleed, Grid","Margins & bleed","1009",4,NULL,0,False,True,False,"T_MARGINS","Margins",False,False,False,True,True,True,False,True,"SYSTEM","2025-12-16 23:38:39.79091",NULL,"2025-12-16 23:38:39.79091"
305,3,"TEXT_FORMAT","Create Text Formatting","Text style & fonts","1009",5,NULL,0,False,True,False,"T_TEXTFMT","Text Format",False,False,False,True,True,True,False,True,"SYSTEM","2025-12-16 23:38:39.79091",NULL,"2025-12-16 23:38:39.79091"
306,3,"IMG_EDIT","Image Editing","Edit images","1009",6,NULL,0,False,True,False,"T_IMGEDIT","Image Edit",False,False,False,True,True,True,False,True,"SYSTEM","2025-12-16 23:38:39.79091",NULL,"2025-12-16 23:38:39.79091"
307,3,"COLOR_PROFILE","Color Profile Setup","CMYK / RGB setup","1009",7,NULL,0,False,True,False,"T_COLOR","Color",False,False,False,True,True,True,False,True,"SYSTEM","2025-12-16 23:38:39.79091",NULL,"2025-12-16 23:38:39.79091"
308,3,"PAGINATION","Pagination","Page order & numbering","1009",8,NULL,0,False,True,False,"T_PAG","Pagination",False,False,False,True,True,True,False,True,"SYSTEM","2025-12-16 23:38:39.79091",NULL,"2025-12-16 23:38:39.79091"
309,3,"SPINE","Create Cover/Spine Thickness","Spine calculation","1009",9,NULL,0,False,True,False,"T_SPINE","Spine",False,False,False,True,True,True,False,True,"SYSTEM","2025-12-16 23:38:39.79091",NULL,"2025-12-16 23:38:39.79091"
310,3,"EXPORT_PROOF","Export Soft Proof","Export PDF/X","1009",10,2,1,True,True,True,"T_EXPORT","Soft Proof",True,True,True,True,True,True,True,True,"SYSTEM","2025-12-16 23:38:39.79091",NULL,"2025-12-16 23:38:39.79091"
401,4,"SEND_PROOF","Send Proof","Send soft/hard proof to client","1009",1,2,1,True,True,True,"T_SENDPROOF","Proof",True,True,True,True,True,True,True,True,"SYSTEM","2025-12-16 23:38:39.79091",NULL,"2025-12-16 23:38:39.79091"
402,4,"GET_APPROVAL","Get Approval","Receive client approval","1009",2,2,1,True,True,True,"T_CLIENTAPP","Client Approval",True,True,True,True,True,True,True,True,"SYSTEM","2025-12-16 23:38:39.79091",NULL,"2025-12-16 23:38:39.79091"
403,4,"CORRECTION_CYCLE","Correction Cycles","Client requested corrections","1009",3,2,1,True,True,True,"T_CORRECT","Correction",True,True,True,True,True,True,True,True,"SYSTEM","2025-12-16 23:38:39.79091",NULL,"2025-12-16 23:38:39.79091"
404,4,"FINAL_OK","Final Approval (OK to Print)","Client final approval","1009",4,2,1,True,True,True,"T_FINAL","Final OK",True,True,True,True,True,True,True,True,"SYSTEM","2025-12-16 23:38:39.79091",NULL,"2025-12-16 23:38:39.79091"
501,5,"PREFLIGHT","Pre-flight Check","File preflight validation","1009",1,NULL,0,False,True,False,"T_PREFLIGHT","Preflight",False,False,False,True,True,True,False,True,"SYSTEM","2025-12-16 23:38:39.79091",NULL,"2025-12-16 23:38:39.79091"
502,5,"COLOR_SEP","Color Separation","CMYK separation","1009",2,NULL,0,False,True,False,"T_COLORSEP","Color Separation",False,False,False,True,True,True,False,True,"SYSTEM","2025-12-16 23:38:39.79091",NULL,"2025-12-16 23:38:39.79091"
503,5,"IMPOSITION_SIG","Imposition (Signatures)","Book imposition","1009",3,NULL,0,False,True,False,"T_IMPSIG","Imposition",False,False,False,True,True,True,False,True,"SYSTEM","2025-12-16 23:38:39.79091",NULL,"2025-12-16 23:38:39.79091"
504,5,"CTP_PLATE","CTP Plate Making","Plate creation","1009",4,NULL,0,False,True,False,"T_CTP","CTP",False,False,False,True,True,True,False,True,"SYSTEM","2025-12-16 23:38:39.79091",NULL,"2025-12-16 23:38:39.79091"
505,5,"PLATE_INSPECT","Plate Inspection","Plate QC","1016",5,6,1,False,True,True,"T_PLATEQC","Plate QC",False,False,False,True,True,True,True,True,"SYSTEM","2025-12-16 23:38:39.79091",NULL,"2025-12-16 23:38:39.79091"
506,5,"PLATE_STORE","Plate Storage","Plate numbering & storage","1014",6,NULL,0,False,True,False,"T_PLATESTORE","Plate Store",False,False,False,True,True,True,False,True,"SYSTEM","2025-12-16 23:38:39.79091",NULL,"2025-12-16 23:38:39.79091"
507,5,"RIP_PROCESS","RIP Processing","Digital RIP processing","1009",7,NULL,0,False,True,False,"T_RIP","RIP",False,False,False,True,True,True,False,True,"SYSTEM","2025-12-16 23:38:39.79091",NULL,"2025-12-16 23:38:39.79091"
601,6,"PAPER_PROC","Paper Procurement","Paper purchase","1015",1,3,1,False,True,True,"T_PAPER","Paper",False,False,False,True,True,True,True,True,"SYSTEM","2025-12-16 23:38:39.79091",NULL,"2025-12-16 23:38:39.79091"
602,6,"INK_PROC","Ink Procurement","Ink purchase","1015",2,3,1,False,True,True,"T_INK","Ink",False,False,False,True,True,True,True,True,"SYSTEM","2025-12-16 23:38:39.79091",NULL,"2025-12-16 23:38:39.79091"
603,6,"BIND_MAT","Binding Material","Binding material purchase","1015",3,3,1,False,True,True,"T_BINDMAT","Binding Material",False,False,False,True,True,True,True,True,"SYSTEM","2025-12-16 23:38:39.79091",NULL,"2025-12-16 23:38:39.79091"
604,6,"LAM_FILM","Lamination Film","Lamination film","1015",4,3,1,False,True,True,"T_LAM","Lamination",False,False,False,True,True,True,True,True,"SYSTEM","2025-12-16 23:38:39.79091",NULL,"2025-12-16 23:38:39.79091"
605,6,"UV_CHEM","UV / Varnish Chemicals","Chemicals","1015",5,3,1,False,True,True,"T_UV","UV Chemicals",False,False,False,True,True,True,True,True,"SYSTEM","2025-12-16 23:38:39.79091",NULL,"2025-12-16 23:38:39.79091"
606,6,"BOARD","Board / Duplex","Cover board","1015",6,3,1,False,True,True,"T_BOARD","Board",False,False,False,True,True,True,True,True,"SYSTEM","2025-12-16 23:38:39.79091",NULL,"2025-12-16 23:38:39.79091"
607,6,"PACK_MAT","Shrink / Boxes","Packing material","1015",7,3,1,False,True,True,"T_PACKMAT","Packing Material",False,False,False,True,True,True,True,True,"SYSTEM","2025-12-16 23:38:39.79091",NULL,"2025-12-16 23:38:39.79091"
701,7,"REEL_CUT","Reel / Sheet Cutting","Cut paper","1011",1,NULL,0,False,True,False,"T_CUT","Cutting",False,False,False,True,True,True,False,True,"SYSTEM","2025-12-16 23:38:39.79091",NULL,"2025-12-16 23:38:39.79091"
702,7,"REAM_MARK","Ream Marking","Ream marking","1011",2,NULL,0,False,True,False,"T_REAM","Ream",False,False,False,True,True,True,False,True,"SYSTEM","2025-12-16 23:38:39.79091",NULL,"2025-12-16 23:38:39.79091"
703,7,"SIZE_VERIFY","Size Verification","Verify size","1016",3,6,1,False,True,True,"T_SIZEQC","Size QC",False,False,False,True,True,True,True,True,"SYSTEM","2025-12-16 23:38:39.79091",NULL,"2025-12-16 23:38:39.79091"
704,7,"COUNT_BUNDLE","Counting & Bundling","Bundle sheets","1011",4,NULL,0,False,True,False,"T_BUNDLE","Bundling",False,False,False,True,True,True,False,True,"SYSTEM","2025-12-16 23:38:39.79091",NULL,"2025-12-16 23:38:39.79091"
705,7,"CUT_QC","Cutting Accuracy QC","Cutting QC","1016",5,6,1,False,True,True,"T_CUTQC","Cut QC",False,False,False,True,True,True,True,True,"SYSTEM","2025-12-16 23:38:39.79091",NULL,"2025-12-16 23:38:39.79091"
801,8,"PLATE_MOUNT","Plate Mounting","Mount plates","1010",1,NULL,0,False,True,False,"T_MOUNT","Plate Mount",False,False,False,True,True,True,False,True,"SYSTEM","2025-12-16 23:38:39.79091",NULL,"2025-12-16 23:38:39.79091"
802,8,"INK_SETUP","Ink Setup","Ink setting","1010",2,NULL,0,False,True,False,"T_INKSET","Ink Setup",False,False,False,True,True,True,False,True,"SYSTEM","2025-12-16 23:38:39.79091",NULL,"2025-12-16 23:38:39.79091"
803,8,"WATER_BAL","Water Balance","Water balance","1010",3,NULL,0,False,True,False,"T_WATER","Water Balance",False,False,False,True,True,True,False,True,"SYSTEM","2025-12-16 23:38:39.79091",NULL,"2025-12-16 23:38:39.79091"
804,8,"REG_ALIGN","Registration Alignment","Registration check","1010",4,NULL,0,False,True,False,"T_REG","Registration",False,False,False,True,True,True,False,True,"SYSTEM","2025-12-16 23:38:39.79091",NULL,"2025-12-16 23:38:39.79091"
805,8,"FIRST_PROOF","First Proof Check","Initial proof","1016",5,6,1,False,True,True,"T_FIRSTQC","First QC",False,False,False,True,True,True,True,True,"SYSTEM","2025-12-16 23:38:39.79091",NULL,"2025-12-16 23:38:39.79091"
806,8,"FULL_RUN","Full Run Printing","Production run","1010",6,NULL,0,False,True,False,"T_PRINT","Printing",False,False,False,True,True,True,False,True,"SYSTEM","2025-12-16 23:38:39.79091",NULL,"2025-12-16 23:38:39.79091"
807,8,"SIDE_CHANGE","Side Change","2-side printing","1010",7,NULL,0,False,True,False,"T_SIDE","Side Change",False,False,False,True,True,True,False,True,"SYSTEM","2025-12-16 23:38:39.79091",NULL,"2025-12-16 23:38:39.79091"
808,8,"CLEANUP","Machine Cleanup","Cleanup","1010",8,NULL,0,False,True,False,"T_CLEAN","Cleanup",False,False,False,True,True,True,False,True,"SYSTEM","2025-12-16 23:38:39.79091",NULL,"2025-12-16 23:38:39.79091"
809,8,"PRINT_COUNT","Printed Sheet Counting","Counting","1010",9,NULL,0,False,True,False,"T_PCOUNT","Print Count",False,False,False,True,True,True,False,True,"SYSTEM","2025-12-16 23:38:39.79091",NULL,"2025-12-16 23:38:39.79091"
901,9,"NAT_DRY","Natural Drying","Overnight drying","1010",1,NULL,0,False,True,False,"T_DRY","Drying",False,False,False,True,True,True,False,True,"SYSTEM","2025-12-16 23:38:39.79091",NULL,"2025-12-16 23:38:39.79091"
902,9,"IR_DRY","IR Drying","IR drying","1010",2,NULL,0,False,True,False,"T_IR","IR Dry",False,False,False,True,True,True,False,True,"SYSTEM","2025-12-16 23:38:39.79091",NULL,"2025-12-16 23:38:39.79091"
903,9,"UV_CURE","UV Curing","UV curing","1011",3,NULL,0,False,True,False,"T_UVCURE","UV Cure",False,False,False,True,True,True,False,True,"SYSTEM","2025-12-16 23:38:39.79091",NULL,"2025-12-16 23:38:39.79091"
904,9,"ANTI_SET","Anti-setoff Powder","Powder spray","1010",4,NULL,0,False,True,False,"T_ANTSET","Anti Setoff",False,False,False,True,True,True,False,True,"SYSTEM","2025-12-16 23:38:39.79091",NULL,"2025-12-16 23:38:39.79091"
1001,10,"LAMINATION","Lamination","Gloss/Matt/Velvet lamination","1011",1,NULL,0,False,True,False,"T_LAM","Lamination",False,False,False,True,True,True,False,True,"SYSTEM","2025-12-16 23:38:39.79091",NULL,"2025-12-16 23:38:39.79091"
1002,10,"SPOT_UV","Spot UV","Spot UV process","1011",2,NULL,0,False,True,False,"T_SPUV","Spot UV",False,False,False,True,True,True,False,True,"SYSTEM","2025-12-16 23:38:39.79091",NULL,"2025-12-16 23:38:39.79091"
1003,10,"FOILING","Foiling","Foil stamping","1011",3,NULL,0,False,True,False,"T_FOIL","Foiling",False,False,False,True,True,True,False,True,"SYSTEM","2025-12-16 23:38:39.79091",NULL,"2025-12-16 23:38:39.79091"
1004,10,"EMBOSS","Emboss/Deboss","Embossing","1011",4,NULL,0,False,True,False,"T_EMB","Emboss",False,False,False,True,True,True,False,True,"SYSTEM","2025-12-16 23:38:39.79091",NULL,"2025-12-16 23:38:39.79091"
1005,10,"VARNISH","Varnishing","Varnish coating","1011",5,NULL,0,False,True,False,"T_VARN","Varnish",False,False,False,True,True,True,False,True,"SYSTEM","2025-12-16 23:38:39.79091",NULL,"2025-12-16 23:38:39.79091"
1006,10,"DIE_CUT","Die Cutting","Die cutting","1011",6,NULL,0,False,True,False,"T_DIE","Die Cut",False,False,False,True,True,True,False,True,"SYSTEM","2025-12-16 23:38:39.79091",NULL,"2025-12-16 23:38:39.79091"
1007,10,"CREASE","Creasing","Creasing","1011",7,NULL,0,False,True,False,"T_CREASE","Crease",False,False,False,True,True,True,False,True,"SYSTEM","2025-12-16 23:38:39.79091",NULL,"2025-12-16 23:38:39.79091"
1008,10,"PUNCH","Punching","Punching","1011",8,NULL,0,False,True,False,"T_PUNCH","Punch",False,False,False,True,True,True,False,True,"SYSTEM","2025-12-16 23:38:39.79091",NULL,"2025-12-16 23:38:39.79091"
1101,11,"FOLDING","Folding","Map folding","1011",1,NULL,0,False,True,False,"T_FOLD","Folding",False,False,False,True,True,True,False,True,"SYSTEM","2025-12-16 23:38:39.79091",NULL,"2025-12-16 23:38:39.79091"
1102,11,"GATHER","Section Gathering","Gathering sections","1011",2,NULL,0,False,True,False,"T_GATHER","Gather",False,False,False,True,True,True,False,True,"SYSTEM","2025-12-16 23:38:39.79091",NULL,"2025-12-16 23:38:39.79091"
1103,11,"COLLATE","Collation","Collation check","1011",3,NULL,0,False,True,False,"T_COL","Collation",False,False,False,True,True,True,False,True,"SYSTEM","2025-12-16 23:38:39.79091",NULL,"2025-12-16 23:38:39.79091"
1104,11,"SEQ_VERIFY","Page Sequence Verification","Verify page order","1016",4,6,1,False,True,True,"T_SEQQC","Sequence QC",False,False,False,True,True,True,True,True,"SYSTEM","2025-12-16 23:38:39.79091",NULL,"2025-12-16 23:38:39.79091"
1201,12,"EDGE_TRIM","Edge Trimming","Trim edges","1011",1,NULL,0,False,True,False,"T_ETRIM","Edge Trim",False,False,False,True,True,True,False,True,"SYSTEM","2025-12-16 23:38:39.79091",NULL,"2025-12-16 23:38:39.79091"
1202,12,"GLUE","Glue Application","Glue binding","1011",2,NULL,0,False,True,False,"T_GLUE","Glue",False,False,False,True,True,True,False,True,"SYSTEM","2025-12-16 23:38:39.79091",NULL,"2025-12-16 23:38:39.79091"
1203,12,"COVER_PASTE","Cover Pasting","Paste cover","1011",3,NULL,0,False,True,False,"T_CP","Cover Paste",False,False,False,True,True,True,False,True,"SYSTEM","2025-12-16 23:38:39.79091",NULL,"2025-12-16 23:38:39.79091"
1204,12,"SPINE","Spine Formation","Spine making","1011",4,NULL,0,False,True,False,"T_SPINE","Spine",False,False,False,True,True,True,False,True,"SYSTEM","2025-12-16 23:38:39.79091",NULL,"2025-12-16 23:38:39.79091"
1205,12,"BIND_QC","Binding QC","Binding quality check","1016",5,6,1,False,True,True,"T_BINDQC","Binding QC",False,False,False,True,True,True,True,True,"SYSTEM","2025-12-16 23:38:39.79091",NULL,"2025-12-16 23:38:39.79091"
1301,13,"TRIM_3K","3-Knife Trimming","Final trim","1011",1,NULL,0,False,True,False,"T_3K","3 Knife Trim",False,False,False,True,True,True,False,True,"SYSTEM","2025-12-16 23:38:39.79091",NULL,"2025-12-16 23:38:39.79091"
1302,13,"SINGLE_TRIM","Single Side Trimming","Single trim","1011",2,NULL,0,False,True,False,"T_STRIM","Single Trim",False,False,False,True,True,True,False,True,"SYSTEM","2025-12-16 23:38:39.79091",NULL,"2025-12-16 23:38:39.79091"
1401,14,"COLOR_QC","Color Check","Color verification","1016",1,6,1,False,True,True,"T_COLORQC","Color QC",False,False,False,True,True,True,True,True,"SYSTEM","2025-12-16 23:38:39.79091",NULL,"2025-12-16 23:38:39.79091"
1402,14,"PRINT_QC","Print Consistency","Print consistency","1016",2,6,1,False,True,True,"T_PRINTQC","Print QC",False,False,False,True,True,True,True,True,"SYSTEM","2025-12-16 23:38:39.79091",NULL,"2025-12-16 23:38:39.79091"
1403,14,"BIND_STRENGTH","Binding Strength","Strength test","1016",3,6,1,False,True,True,"T_BINDSTR","Bind Strength",False,False,False,True,True,True,True,True,"SYSTEM","2025-12-16 23:38:39.79091",NULL,"2025-12-16 23:38:39.79091"
1404,14,"SIZE_QC","Size Accuracy","Size check","1016",4,6,1,False,True,True,"T_SIZEQC","Size QC",False,False,False,True,True,True,True,True,"SYSTEM","2025-12-16 23:38:39.79091",NULL,"2025-12-16 23:38:39.79091"
1405,14,"FINAL_SAMPLE","Final Sample Approval","Final sample","1016",5,2,1,True,True,True,"T_FINALAPP","Final Approval",True,True,True,True,True,True,True,True,"SYSTEM","2025-12-16 23:38:39.79091",NULL,"2025-12-16 23:38:39.79091"
1501,15,"COUNTING","Counting","Final counting","1012",1,NULL,0,False,True,False,"T_COUNT","Counting",False,False,False,True,True,True,False,True,"SYSTEM","2025-12-16 23:38:39.79091",NULL,"2025-12-16 23:38:39.79091"
1502,15,"SHRINK","Shrink Wrapping","Shrink wrap","1012",2,NULL,0,False,True,False,"T_SHRINK","Shrink",False,False,False,True,True,True,False,True,"SYSTEM","2025-12-16 23:38:39.79091",NULL,"2025-12-16 23:38:39.79091"
1503,15,"BOXING","Boxing","Box packing","1012",3,NULL,0,False,True,False,"T_BOX","Boxing",False,False,False,True,True,True,False,True,"SYSTEM","2025-12-16 23:38:39.79091",NULL,"2025-12-16 23:38:39.79091"
1504,15,"LABEL","Label Printing","Label print","1012",4,NULL,0,False,True,False,"T_LABEL","Label",False,False,False,True,True,True,False,True,"SYSTEM","2025-12-16 23:38:39.79091",NULL,"2025-12-16 23:38:39.79091"
1601,16,"CHALLAN","Delivery Challan","Prepare challan","1013",1,4,1,False,True,True,"T_CHALLAN","Challan",True,True,True,True,True,True,True,True,"SYSTEM","2025-12-16 23:38:39.79091",NULL,"2025-12-16 23:38:39.79091"
1602,16,"INVOICE","Invoice","Generate invoice","1004",2,4,1,False,True,True,"T_INV","Invoice",True,True,True,True,True,True,True,True,"SYSTEM","2025-12-16 23:38:39.79091",NULL,"2025-12-16 23:38:39.79091"
1603,16,"PACK_LIST","Packing List","Packing list","1013",3,NULL,0,False,True,False,"T_PACKLIST","Packing List",True,True,True,True,True,True,False,True,"SYSTEM","2025-12-16 23:38:39.79091",NULL,"2025-12-16 23:38:39.79091"
1604,16,"GATE_PASS","Gate Pass","Gate pass","1018",4,NULL,0,False,True,False,"T_GATE","Gate Pass",False,False,False,True,True,True,False,True,"SYSTEM","2025-12-16 23:38:39.79091",NULL,"2025-12-16 23:38:39.79091"
1701,17,"VEH_ALLOC","Vehicle Allocation","Assign vehicle","1013",1,NULL,0,False,True,False,"T_VEH","Vehicle",False,False,False,True,True,True,False,True,"SYSTEM","2025-12-16 23:38:39.79091",NULL,"2025-12-16 23:38:39.79091"
1702,17,"LOADING","Loading","Load goods","1013",2,NULL,0,False,True,False,"T_LOAD","Loading",False,False,False,True,True,True,False,True,"SYSTEM","2025-12-16 23:38:39.79091",NULL,"2025-12-16 23:38:39.79091"
1703,17,"DISPATCH","Dispatch","Dispatch goods","1013",3,NULL,0,False,True,False,"T_DISP","Dispatch",True,True,True,True,True,True,True,True,"SYSTEM","2025-12-16 23:38:39.79091",NULL,"2025-12-16 23:38:39.79091"
1704,17,"POD","Proof of Delivery","POD received","1013",4,NULL,0,False,True,False,"T_POD","POD",True,True,True,True,True,True,False,True,"SYSTEM","2025-12-16 23:38:39.79091",NULL,"2025-12-16 23:38:39.79091"
1801,18,"BILL_PREP","Bill Preparation","Prepare bill","1004",1,4,1,False,True,True,"T_BILL","Billing",True,True,True,True,True,True,True,True,"SYSTEM","2025-12-16 23:38:39.79091",NULL,"2025-12-16 23:38:39.79091"
1802,18,"ADV_ADJ","Advance Adjustment","Adjust advance","1004",2,4,1,False,True,True,"T_ADV","Advance Adj",True,True,True,True,True,True,True,True,"SYSTEM","2025-12-16 23:38:39.79091",NULL,"2025-12-16 23:38:39.79091"
1803,18,"FINAL_PAY","Final Payment","Receive payment","1004",3,4,1,True,True,True,"T_PAY","Payment",True,True,True,True,True,True,True,True,"SYSTEM","2025-12-16 23:38:39.79091",NULL,"2025-12-16 23:38:39.79091"
1804,18,"RECEIPT","Receipt Issue","Issue receipt","1004",4,NULL,0,True,True,False,"T_RCPT","Receipt",True,True,True,True,True,True,False,True,"SYSTEM","2025-12-16 23:38:39.79091",NULL,"2025-12-16 23:38:39.79091"
1901,19,"ARCHIVE","File Archiving","Archive files","1005",1,NULL,0,False,True,False,"T_ARCH","Archive",False,False,False,True,True,True,False,True,"SYSTEM","2025-12-16 23:38:39.79091",NULL,"2025-12-16 23:38:39.79091"
1902,19,"PLATE_CLOSE","Plate Disposal/Store","Plate handling","1014",2,NULL,0,False,True,False,"T_PLATECLS","Plate Close",False,False,False,True,True,True,False,True,"SYSTEM","2025-12-16 23:38:39.79091",NULL,"2025-12-16 23:38:39.79091"
1903,19,"FEEDBACK","Client Feedback","Collect feedback","1007",3,NULL,0,True,True,False,"T_FB","Feedback",True,True,True,True,True,True,True,True,"SYSTEM","2025-12-16 23:38:39.79091",NULL,"2025-12-16 23:38:39.79091"
1904,19,"COSTING","Costing Summary","Cost vs actual","1004",4,6,1,False,True,True,"T_COST","Costing",False,False,False,True,True,True,True,True,"SYSTEM","2025-12-16 23:38:39.79091",NULL,"2025-12-16 23:38:39.79091"
1905,19,"JOB_CLOSE","Job Closure","Close job","1001",5,6,1,False,True,True,"T_CLOSE","Job Close",True,True,True,True,True,True,True,True,"SYSTEM","2025-12-16 23:38:39.79091",NULL,"2025-12-16 23:38:39.79091"
